tag,cloud_type,oktas
WAS-V11-F0,CUSC,07
WAS-V11-F9,CUSC,07
WAS-V11-F21,CUSC,07
WAS-V11-F24,CUSC,07
WAS-V11-F31,CUSC,07
WAS-V11-F42,CUSC,07
WAS-V11-F66,CUSC,07
WAS-V11-F77,CUSC,07
WAS-V11-F88,CUSC,07
WAS-V11-F107,CUSC,07
WAS-V11-F126,CUSC,07
WAS-V11-F136,CUSC,07
WAS-V11-F144,CUSC,07
WAS-V11-F156,CUSC,07
WAS-V11-F163,CUSC,07
WAS-V11-F166,CUSC,07
WAS-V11-F187,CUSC,07
WAS-V11-F205,CUSC,07
WAS-V11-F206,CUSC,07
WAS-V11-F224,CUSC,07
WAS-V11-F242,CUSC,07
WAS-V11-F246,CUSC,07
WAS-V11-F256,CUSC,07
WAS-V11-F267,CUSC,07
WAS-V11-F270,CUSC,07
WAS-V11-F274,CUSC,07
WAS-V11-F296,CUSC,07
WAS-V11-F314,CUSC,07
WAS-V11-F317,CUSC,07
WAS-V11-F320,CUSC,07
WAS-V11-F338,CUSC,07
WAS-V11-F356,CUSC,07
WAS-V11-F379,CUSC,07
WAS-V11-F398,CUSC,07
WAS-V11-F416,CUSC,07
WAS-V11-F473,CUSC,07
WAS-V11-F484,CUSC,07
WAS-V11-F509,CUSC,07
WAS-V11-F520,CUSC,07
WAS-V11-F525,CUSC,07
WAS-V11-F528,CUSC,07
WAS-V11-F550,CUSC,07
WAS-V11-F551,CUSC,07
WAS-V11-F568,CUSC,07
WAS-V11-F589,CUSC,07
WAS-V11-F592,CUSC,07
WAS-V11-F608,CUSC,07
WAS-V11-F609,CUSC,07
WAS-V11-F617,CUSC,07
WAS-V11-F620,CUSC,07
WAS-V11-F626,CUSC,07
WAS-V11-F634,CUSC,07
WAS-V11-F638,CUSC,07
WAS-V11-F651,CUSC,07
WAS-V11-F654,CUSC,07
WAS-V11-F673,CUSC,07
WAS-V11-F697,CUSC,07
WAS-V11-F704,CUSC,07
WAS-V11-F705,CUSC,07
WAS-V11-F723,CUSC,07
WAS-V11-F748,CUSC,07
WAS-V11-F750,CUSC,07
WAS-V11-F766,CUSC,07
WAS-V11-F773,CUSC,07
WAS-V11-F785,CUSC,07
WAS-V11-F789,CUSC,07
WAS-V11-F804,CUSC,07
WAS-V11-F846,CUSC,07
WAS-V11-F852,CUSC,07
WAS-V11-F859,CUSC,07
WAS-V11-F867,CUSC,07
WAS-V11-F877,CUSC,07
WAS-V11-F889,CUSC,07
WAS-V11-F899,CUSC,07
WAS-V11-F911,CUSC,07
WAS-V11-F927,CUSC,07
WAS-V11-F946,CUSC,07
WAS-V11-F959,CUSC,07
WAS-V11-F967,CUSC,07
WAS-V11-F979,CUSC,07
WAS-V11-F985,CUSC,07
WAS-V11-F987,CUSC,07
WAS-V11-F1036,CUSC,07
WAS-V11-F1049,CUSC,07
WAS-V11-F1057,CUSC,07
WAS-V11-F1067,CUSC,07
WAS-V11-F1085,CUSC,07
WAS-V11-F1103,CUSC,07
WAS-V11-F1113,CUSC,07
WAS-V11-F1126,CUSC,07
WAS-V11-F1146,CUSC,07
WAS-V11-F1168,CUSC,07
WAS-V11-F1186,CUSC,07
WAS-V11-F1205,CUSC,07
WAS-V11-F1228,CUSC,07
WAS-V11-F1247,CUSC,07
WAS-V11-F1266,CUSC,07
WAS-V11-F1288,CUSC,07
WAS-V11-F1309,CUSC,07
WAS-V11-F1319,CUSC,07
WAS-V11-F1328,CUSC,07
WAS-V11-F1329,CUSC,07
WAS-V11-F1336,CUSC,07
WAS-V11-F1370,CUSC,07
WAS-V11-F1374,CUSC,07
WAS-V11-F1383,CUSC,07
WAS-V11-F1393,CUSC,07
WAS-V11-F1401,CUSC,07
WAS-V11-F1411,CUSC,07
WAS-V11-F1424,CUSC,07
WAS-V11-F1435,CUSC,07
WAS-V11-F1448,CUSC,07
WAS-V11-F1471,CUSC,07
WAS-V11-F1478,CUSC,07
WAS-V11-F1496,CUSC,07
WAS-V11-F1522,CUSC,07
WAS-V11-F1541,CUSC,07
WAS-V11-F1562,CUSC,07
WAS-V11-F1565,CUSC,07
WAS-V11-F1583,CUSC,07
WAS-V11-F1606,CUSC,07
WAS-V11-F1622,CUSC,07
WAS-V11-F1642,CUSC,07
WAS-V11-F1646,CUSC,07
WAS-V11-F1647,CUSC,07
WAS-V11-F1665,CUSC,07
WAS-V11-F1687,CUSC,07
WAS-V11-F1703,CUSC,07
WAS-V11-F1704,CUSC,07
WAS-V11-F1707,CUSC,07
WAS-V11-F1718,CUSC,07
WAS-V11-F1727,CUSC,07
WAS-V11-F1748,CUSC,07
WAS-V11-F1767,CUSC,07
WAS-V11-F1788,CUSC,07
WAS-V11-F1789,CUSC,07
WAS-V11-F1811,CUSC,07
WAS-V11-F1832,CUSC,07
WAS-V11-F1863,CUSC,07
WAS-V11-F1868,CUSC,07
WAS-V11-F1877,CUSC,07
